{"cameraMode":{"drawMode":0,"name":"Shaded","section":"Shading Mode"},"sceneLighting":false,"audioPlay":false,"sceneViewState":{"showFog":true,"showMaterialUpdate":true,"showSkybox":false,"showFlares":true,"showImageEffects":true,"showParticleSystems":true,"showVisualEffectGraphs":true},"in2DMode":false,"pivot":{"x":-0.11912700533866883,"y":0.32279157638549807,"z":6.207950115203857},"rotation":{"x":0.19813372194766999,"y":-0.021460125222802163,"z":0.004349253606051207,"w":0.9799437522888184},"size":10.834478378295899,"orthographic":false}