{"cameraMode":{"drawMode":0,"name":"Shaded","section":"Shading Mode"},"sceneLighting":false,"audioPlay":false,"sceneViewState":{"showFog":true,"showMaterialUpdate":true,"showSkybox":false,"showFlares":true,"showImageEffects":true,"showParticleSystems":true,"showVisualEffectGraphs":true},"in2DMode":false,"pivot":{"x":-32.76103210449219,"y":-11.638740539550782,"z":-34.908538818359378},"rotation":{"x":-0.31475433707237246,"y":-0.6283771395683289,"z":0.3080562651157379,"w":-0.641432523727417},"size":8.830199241638184,"orthographic":false}