{"cameraMode":{"drawMode":0,"name":"Shaded","section":"Shading Mode"},"sceneLighting":false,"audioPlay":false,"sceneViewState":{"showFog":true,"showMaterialUpdate":true,"showSkybox":false,"showFlares":true,"showImageEffects":true,"showParticleSystems":true,"showVisualEffectGraphs":true},"in2DMode":false,"pivot":{"x":116.38480377197266,"y":-49.37648010253906,"z":-1.5696258544921876},"rotation":{"x":-0.025495225563645364,"y":0.002744173165410757,"z":0.0002634463016875088,"w":0.9997286796569824},"size":251.16749572753907,"orthographic":false}