{"cameraMode":{"drawMode":0,"name":"Shaded","section":"Shading Mode"},"sceneLighting":false,"audioPlay":false,"sceneViewState":{"showFog":true,"showMaterialUpdate":true,"showSkybox":false,"showFlares":true,"showImageEffects":true,"showParticleSystems":true,"showVisualEffectGraphs":true},"in2DMode":false,"pivot":{"x":-16.690954208374025,"y":-2.0040159225463869,"z":-20.31963539123535},"rotation":{"x":-0.6810588240623474,"y":0.03071586787700653,"z":-0.028616739436984063,"w":-0.7310664057731628},"size":9.630266189575196,"orthographic":false}