{"cameraMode":{"drawMode":0,"name":"Shaded","section":"Shading Mode"},"sceneLighting":false,"audioPlay":false,"sceneViewState":{"showFog":true,"showMaterialUpdate":true,"showSkybox":false,"showFlares":true,"showImageEffects":true,"showParticleSystems":true,"showVisualEffectGraphs":true},"in2DMode":false,"pivot":{"x":-33.2592887878418,"y":26.089874267578126,"z":-7.542418479919434},"rotation":{"x":0.23522105813026429,"y":0.6833482980728149,"z":-0.24889028072357179,"w":0.6449028253555298},"size":1.5864849090576172,"orthographic":false}