{"cameraMode":{"drawMode":0,"name":"Shaded","section":"Shading Mode"},"sceneLighting":false,"audioPlay":false,"sceneViewState":{"showFog":true,"showMaterialUpdate":true,"showSkybox":false,"showFlares":true,"showImageEffects":true,"showParticleSystems":true,"showVisualEffectGraphs":true},"in2DMode":false,"pivot":{"x":-8.10273551940918,"y":3.7364397048950197,"z":-2.832345724105835},"rotation":{"x":-0.21687594056129456,"y":-0.38653841614723208,"z":0.09376249462366104,"w":-0.891640841960907},"size":10.22763729095459,"orthographic":false}